,unemployment,gdp,cpi,leverage,energy_bill,interest
2000,0.053061224489795916,86.6871772580945334,1.6831519140864688,1.6844755503089934,0.017372966480479916,0.05920171299954864
2001,0.14489795918367346,7.202404157388292,1.6754445127658282,2.557191753904504,0.01740273981217148,0.060071319072119565
2002,0.07551020408163266,7.482110219367216,1.6850746042927591,1.5222602000016832,0.017390685641510084,0.0626516178501489
2003,0.09795918367346938,7.4993143032315315,1.6792830038622883,0.6737319236196005,0.01737319948654071,0.0630288558468445
2004,0.07142857142857142,7.735693972401428,1.6803589870854025,1.6120778091510886,0.01737822708975291,0.06012137694099262
2005,0.018367346938775512,7.864407764463413,1.6740278944255123,2.6791969066013843,0.017379613922964075,0.060828242695407875
2006,0.03469387755102041,7.860020167991038,1.6734102253276737,7.641857297373981,0.01738046316270921,0.06249821892704578
2007,0.0163265306122449,8.397158520973717,1.666744581501803,-0.4401923034923964,0.01734568800183,0.06424504476652644
2008,0.0020408163265306124,7.745660465930774,1.657606841909276,1.2898013976819165,0.017437249345249806,0.059182682907896536
2009,0.024489795918367346,7.891957527086888,1.636896519359415,1.985436985288321,0.017421090722033794,0.059502939055860016
2010,0.00816326530612245,7.8855752632515825,1.623032079168902,-0.001669883191581123,0.017408465531843848,0.06031289832025928
2011,0.03877551020408163,7.894583539946064,1.632937588974242,1.6893100690781253,0.01740333706551308,0.05667359830848158
2012,0.006122448979591836,7.505145012089405,1.6279750279201277,1.3887741256087338,0.017329744743380667,0.05999774431353018
2013,0.03469387755102041,7.7018690416999736,1.6401615812746262,1.7466501522562907,0.017325754807323224,0.059765851697755314
2014,0.006122448979591836,7.724883944222839,1.6294673763172416,3.081535740070221,0.017329141207073278,0.059069635128539376
2015,0.05918367346938776,7.6926716196004445,1.6477088005467366,-9.69078714585101,0.01724387073433667,0.06173204733334277
2016,0.02857142857142857,7.708575003556132,1.674502722847655,17.950067423397424,0.017287920436376593,0.06362883086573712
2017,0.00816326530612245,7.489955725575027,1.701825249877238,0.2799223251253574,0.017260254126303047,0.06266322475794074
2018,0.04693877551020408,7.439896799852798,1.7039435244990369,2.1229299431466617,0.017267278745599565,0.05901914300184998
2019,0.05714285714285714,7.4412432640617,1.6815329893233866,2.6957109178427023,0.017201150114708585,0.061848315125415
2020,0.05102040816326531,7.862626981900618,1.6722267158162003,-0.041526003304209344,0.017231262176053797,0.06203350028662913
2021,0.01020408163265306,7.7506419686539045,1.6793900853500292,2.2928659685801773,0.017195575012994145,0.05991085624238605
2022,0.044897959183673466,7.194481043591187,1.6974733907548096,2.279494430860286,0.017200218799280794,0.06225714474133909
2023,0.02040816326530612,7.3404535005916145,1.716666524989729,4.188472783674014,0.01719837101942845,0.06138312500228436
2024,0.004081632653061225,7.431082819429867,1.7195339788013768,-1.8651923310773673,0.01729206307967949,0.0631695520877901
2025,0.1,7.4055137207213875,1.7343694298461731,1.8881429639616532,0.01719712083165769,0.05744479739449724
2026,0.018367346938775512,7.541583422606077,1.7463145809351437,-2.6649772620680645,0.0171916936710335,0.0593882124025352
2027,0.03877551020408163,7.534015281972364,1.7552505086869479,2.281861037557148,0.017163080150758937,0.06054258480155581
2028,0.04285714285714286,7.276228520284237,1.7739182488139362,3.8410543793337615,0.017141285700571336,0.06207885661907638
2029,0.014285714285714285,7.067934184285962,1.7678115950122006,-7.428412692231127,0.017082115040871277,0.06438688582021132
2030,0.0326530612244898,6.8120240961561835,1.7699862442779442,3.319070825986511,0.01709457805023733,0.06087157490166177
2031,0.06938775510204082,6.57071310774639,1.759537792632326,3.0872741983383185,0.017078238097392194,0.061536077350030395
2032,0.07755102040816327,6.897829613413371,1.7333398177584756,-1.9902253299695558,0.017156903970054677,0.06127585658665139
2033,0.04897959183673469,6.9209753599776915,1.722720808099168,2.212228509780938,0.01715883393781184,0.057049958763375576
2034,0.10612244897959183,6.5899795609509315,1.7253008713086215,1.8052611660281912,0.017099206239888216,0.05946104926678135
2035,0.1326530612244898,6.432332282731915,1.7431903751471756,2.094650496155869,0.017140208869560514,0.058480513062220255
2036,0.07142857142857142,6.924585553107119,1.7125034162545074,3.3635636374594378,0.017135865764836288,0.060153930431953787
2037,0.07346938775510205,7.302088711944223,1.7141852497241796,1.6589215014199312,0.01714623763686374,0.06331822089317403
2038,0.12857142857142856,7.152550373492562,1.7029998272095848,3.1179253831937688,0.017100414181347882,0.06320179790225086
2039,0.09795918367346938,7.12248848921256,1.6956158931303276,1.2126497651681665,0.01710685330815817,0.06494090370635042
2040,0.0836734693877551,7.223670603753847,1.7001922427753917,46.17315848183502,0.01706227469573014,0.06535557692668613
2041,0.04897959183673469,7.78789212090537,1.6710756899408972,-19.036514235612252,0.01722080128893179,0.06888635723164258
2042,0.05510204081632653,7.177164899309908,1.6868200336128845,1.9492398953651466,0.017160524221370918,0.06037305814335653
2043,0.04081632653061224,7.4609668584175655,1.6913272969074884,3.022657955993048,0.01716234366220734,0.06197132228421195
2044,0.04693877551020408,7.566578286248779,1.6886488687723502,2.1443644859586586,0.017131390640886212,0.06368700570346505
2045,0.053061224489795916,7.740364570833562,1.6834984881191657,-3.1190888049011356,0.017135226454699747,0.0633747026083912
2046,0.030612244897959183,7.386457877278321,1.7005709168643222,-0.41954430131233184,0.01711537708114541,0.06331281319899422
2047,0.04081632653061224,6.805096372127764,1.6926838707358736,-1.9607512115444685,0.017043966379975423,0.06086284230786504
2048,0.00816326530612245,6.7566649419586895,1.6850408565187491,2.004122799550772,0.01704692156297116,0.06067899683681377
2049,0.07959183673469387,7.161379705448809,1.6749570180287092,2.6132281118799674,0.0170774768578366,0.06197623170919229
2050,0.07755102040816327,7.058587896489118,1.6697313851263238,5.576700593476151,0.01701546384037301,0.06369197953037857
2051,0.10612244897959183,7.431382763722968,1.672672687061172,-0.11145825834352693,0.017060482727837424,0.06409860722619846
2052,0.07551020408163266,7.445502453492329,1.6583030091141726,-14.13851545366622,0.0170857901481271,0.05829141262912933
2053,0.044897959183673466,7.602009666104732,1.6562512029431646,1.937789005536868,0.017081611058072876,0.05933934603858356
2054,0.03877551020408163,7.705568653481118,1.6700207590492908,1.8543964745047998,0.01707675608592448,0.06054713679298518
2055,0.05918367346938776,7.671595588679511,1.6892695004614744,-9.540035750788075,0.017066456440971,0.06029518622323634
2056,0.04897959183673469,6.927801787474141,1.7134360419300894,7.933145863478844,0.017052235237797076,0.05945546134770481
2057,0.036734693877551024,7.1339049782812545,1.7227311261885676,1.1933686873966114,0.017042341224533623,0.06386291270450054
2058,0.006122448979591836,6.520331634393173,1.7159754629217499,2.4464588147027255,0.016987669384403662,0.060591632579981056
2059,0.11224489795918367,6.891980890826737,1.7101923572587217,29.732859687593304,0.017034416448068593,0.06279125520173287
2060,0.05714285714285714,6.810492452486582,1.7193099374762837,1.2869899145612078,0.016994171258548036,0.06198589798597578
2061,0.07346938775510205,7.012253941834256,1.7172270286342792,-3.312013888396487,0.01699322854402586,0.059949329193773736
2062,0.053061224489795916,7.239784788241403,1.7314507120505986,1.573526879025613,0.016990350308968154,0.05978884204783108
2063,0.08571428571428572,7.70857149303273,1.7300257243037502,1.7523367376837562,0.01699752042476324,0.061526412114879504
2064,0.061224489795918366,7.5646555505948445,1.716827671086562,1.8905186699406542,0.016950064352482537,0.062417124283411216
2065,0.04897959183673469,7.458580162505875,1.7318537130892606,1.7548335607661947,0.016925675031888528,0.06254100960678333
2066,0.00816326530612245,6.978523052136867,1.7466382885821732,1.5864048539412614,0.01700604077913805,0.062259114247942504
2067,0.02857142857142857,6.600016176212932,1.7435561472468335,1.7164462493584245,0.01705141552150883,0.06114714683249469
2068,0.0653061224489796,6.752712176444644,1.7510162767137802,2.3831095201845103,0.01703184253842137,0.06080266971768977
2069,0.08163265306122448,6.945889436799237,1.749864158502347,0.3521712573001924,0.017071649500300108,0.06267531258567745
2070,0.10204081632653061,6.837127291129555,1.753280802489704,2.0030842723292124,0.017019658506609532,0.06152068019523725
2071,0.05510204081632653,7.267733207524775,1.7479703351688647,1.649365636952714,0.017020294813587807,0.06274897454863661
2072,0.053061224489795916,7.528230096371172,1.7322403505556874,2.24769194546995,0.017016787711925146,0.061866762843511655
2073,0.08571428571428572,7.765191817733708,1.7152888614961095,-10.42054057453405,0.01700660813956896,0.06343692868162865
2074,0.07551020408163266,7.386677968765656,1.737261038039939,1.7964610728989938,0.017010768690257895,0.06148915345673017
2075,0.036734693877551024,7.411568036310652,1.716238710872467,2.3584236244015484,0.016964477656816572,0.06293156971218994
2076,0.01020408163265306,6.840603154216572,1.7242937801245708,70.89230697350447,0.01695784223925672,0.0645199495207371
2077,0.0653061224489796,7.083179833018304,1.7296815551233238,-1.67950171621083,0.01695041643103366,0.06301800007218664
2078,0.04081632653061224,6.448147215854111,1.7484796268444385,1.871439145589926,0.01693897737526167,0.06025386767225509
2079,0.08775510204081632,7.01852638524453,1.7314393569284376,2.2050648510738724,0.016964395358563145,0.06290765499708728
2080,0.07346938775510205,6.983680381651672,1.718668362253342,1.9239057596161195,0.01695476973546664,0.0643517789698661
2081,0.11428571428571428,7.093442694149736,1.7049701774429182,2.0604666137502026,0.016958050186231886,0.06352672555779357
2082,0.10204081632653061,6.733660881369917,1.7010796505269978,0.5385579817759857,0.01695568134776259,0.06293038698925474
2083,0.12040816326530612,7.07605194733244,1.7024465213156614,21.1523296762905,0.01690703556080511,0.06219185193500141
2084,0.024489795918367346,6.91876903278065,1.6915545620133647,-0.692748050650479,0.016909187019150024,0.06661955641672813
2085,0.0836734693877551,7.333332943674813,1.6772015234928175,1.2315592747399067,0.01689469635575299,0.060748305624852936
2086,0.053061224489795916,7.68142016268698,1.6816415335684183,0.8466658014545864,0.01689019021782266,0.06427036522935022
2087,0.08571428571428572,8.249201407754423,1.6841030369054475,0.119200864576068,0.016921677286299164,0.06234186089049345
2088,0.0163265306122449,8.174985130859735,1.673724793131028,2.078590250626923,0.016887721988680264,0.0604392109968106
2089,0.006122448979591836,8.006777836580351,1.6623372943497265,2.1402465394871903,0.01688597413316182,0.06259403593644218
2090,0.004081632653061225,7.785030191343263,1.6432023327428604,2.1553111685794044,0.016936073117117673,0.06407236953349613
2091,0.0,7.813338572395105,1.6259545983928867,3.0737095398881578,0.016936147381635284,0.06293253433957188
2092,0.0326530612244898,7.806534040625829,1.6303831473070847,9.44363819831985,0.01688967587037568,0.06384809463415284
2093,0.03877551020408163,7.912775064116344,1.622316403962629,-2.3277734534083745,0.0168683405683396,0.06566321205305266
2094,0.006122448979591836,7.670452660273004,1.6119052510282363,11.621248915131162,0.016876871423782924,0.06101043017667958
2095,0.024489795918367346,7.538540845519774,1.6303875151428924,2.248959368681029,0.016854986440966724,0.0652142310145851
2096,0.05510204081632653,7.976184210427973,1.6338076082334818,76.30470000804785,0.01688412143904935,0.06254221594917733
2097,0.01020408163265306,8.068628723642156,1.6387022650956333,-4.877908914339446,0.016905651744691323,0.06154534473862037
2098,0.06326530612244897,8.072984559518481,1.6553448815223493,3.156099214252021,0.016859777034005433,0.05819470060809477
2099,0.022448979591836733,8.164425224411573,1.6694874727677116,25.143876851896817,0.016858180067205193,0.06379928967113029
2100,0.004081632653061225,8.622517682979316,1.6761210314914643,104.39031302207317,0.016848104570444212,0.0642218381165568
2101,0.0,8.404995323072782,1.6886245640668909,0.11312686863738701,0.016881799588662507,0.06155470401078811
2102,0.014285714285714285,7.8598289806920345,1.6993377147499191,1.6860549498995119,0.01684935578879862,0.05886217420355198
2103,0.01020408163265306,7.951696765976334,1.6831137498166808,2.1206694152071544,0.01685342376908156,0.06189146341267711
2104,0.02857142857142857,8.08990524851478,1.6933225957745996,3.0217814076724006,0.01685696457167881,0.06327754097241096
2105,0.030612244897959183,8.22484209882342,1.6924852023662524,3.0257672087720784,0.016853194029863204,0.06542002653070939
2106,0.006122448979591836,8.197282240472475,1.6777953418405436,3.861149686798748,0.016833774978574835,0.06340657322462864
2107,0.01020408163265306,8.639661869958951,1.6567826531540395,-1.5325193022295462,0.01686585908964309,0.06404544012168076
2108,0.0020408163265306124,8.206797009180745,1.659494936890016,1.5771482481385388,0.01682836193203076,0.0617369580122461
2109,0.01020408163265306,7.655945212660285,1.671451518283595,4.616341229414893,0.016808905653742552,0.06389017643081629
2110,0.006122448979591836,7.723326324203688,1.6804060037902555,2.308560503788885,0.01677286907327969,0.06376634973318407
2111,0.02857142857142857,7.567100291746391,1.688918801550775,0.0732240017643618,0.01685536989818735,0.06155482336003794
2112,0.07755102040816327,7.427750362689662,1.6795042576841426,2.1878074473235323,0.016871512298351366,0.05997890942851727
2113,0.014285714285714285,6.902524776766517,1.6909702817577894,4.7971034826327115,0.01684565608748486,0.06250636910788787
2114,0.03877551020408163,7.017871227688498,1.7102084298618379,11.878073469293733,0.016871604939378098,0.06456624226641845
2115,0.05102040816326531,7.105706345035009,1.7050948621406437,-0.4847578536650191,0.016856086218662622,0.06332807206125221
2116,0.08163265306122448,7.487167241894584,1.7424387730624722,-3.589545093217295,0.016862669143245253,0.060669525630785315
2117,0.05510204081632653,7.674588291606727,1.7425325849740052,2.852770784574877,0.0168732662371643,0.062347745803322974
2118,0.06326530612244897,7.8589574247745,1.7326486916901216,-1.4144521617892525,0.01685239505056983,0.06420449252095892
2119,0.030612244897959183,7.894578687041334,1.728427998833332,1.6515731910218974,0.01684871681554461,0.06088472811999244
2120,0.01020408163265306,8.018706225629568,1.7325134508760018,2.2870976106252856,0.016845741523143574,0.06196338612258564
2121,0.03469387755102041,7.8410813367232794,1.7068520612073308,1.8883913023351753,0.01678419184014741,0.06385141510908122
2122,0.0163265306122449,7.902807584419238,1.7078722287780856,2.2514012974173827,0.016775153142411563,0.0633129962176627
2123,0.0020408163265306124,8.133951613073162,1.714165834352395,-4.775524262296405,0.016781917882172714,0.0638559405673371
2124,0.0326530612244898,8.260865096472928,1.7095633786555364,-7.113294273221484,0.016804603851899812,0.061993142769621326
2125,0.0163265306122449,8.20251973281358,1.6956414749216049,2.192369454946064,0.016778791136190175,0.0611734232352714
2126,0.00816326530612245,8.152499229569996,1.694784663138041,6.368365026906455,0.016803057104718144,0.06322854411030641
2127,0.0,8.06087406250386,1.6858908884393458,1.025205899603066,0.016831113665249413,0.06569330903987425
2128,0.0,7.879018558136548,1.68178301022463,2.308560281054978,0.01678509624109544,0.061167277965673915
2129,0.0163265306122449,7.74116688535442,1.664188670558577,1.8813542121269955,0.016792591925751044,0.06346123852651563
2130,0.04693877551020408,7.941257348376904,1.6748743563225241,2.4370080833192707,0.016783352354244482,0.062331497176413175
2131,0.00816326530612245,8.054129970951205,1.6985201040434128,3.2169645499364163,0.016779463415335122,0.06448385128819337
2132,0.026530612244897958,7.961476109616983,1.6904914535167144,1.8125083768435992,0.016769466354088415,0.0637978386964156
2133,0.014285714285714285,8.102508194393014,1.6840882844574803,1.0571779997261077,0.016736370913454406,0.06272538096969787
2134,0.0020408163265306124,7.853348226589217,1.6988100431460171,9.825076482639483,0.016753150821280906,0.06207816481757302
2135,0.04285714285714286,7.954422739318296,1.686266608115321,12.647886507533563,0.01677801051856067,0.06488245478902868
2136,0.01020408163265306,8.035112505569556,1.6861018016769804,3.4120555822720475,0.016741127357224838,0.062058537418643936
2137,0.014285714285714285,7.877880123777298,1.6773098590947857,0.43851307709343734,0.016762309635558977,0.06256817612107561
2138,0.04081632653061224,7.732421876673525,1.6956850769544662,-4.458456944773323,0.016730339040009524,0.05889273731863913
2139,0.012244897959183673,7.359242046203844,1.6862746046528578,3.2385720215075624,0.01669028303254064,0.05817862159438782
2140,0.030612244897959183,7.905035076446948,1.690262356799071,-1.6830615928244654,0.016735604155759483,0.060856447000452805
2141,0.02040816326530612,7.621063921721996,1.6893967663570983,3501.417277622346,0.016764699647931793,0.06067623510397722
2142,0.0673469387755102,7.96816252334595,1.6641259471285712,6.510513880339028,0.01679219100950131,0.06313382792217867
2143,0.0163265306122449,8.268203034880287,1.667084058212786,-0.44392154634225534,0.016758933008005628,0.06414571579650388
2144,0.036734693877551024,8.09213042120803,1.667386773584114,3.480808777560393,0.016776728845958593,0.05948035327255976
2145,0.006122448979591836,7.913196534081025,1.675252383177409,-3.517520781530753,0.01668154009771754,0.06169023218422147
2146,0.00816326530612245,7.291395996297558,1.6818748326454913,1.9219557823716813,0.016770249442338035,0.05659914300664561
2147,0.004081632653061225,7.263875892220082,1.6888112815275353,2.221861541382797,0.016773624863554954,0.059544772623019604
2148,0.07346938775510205,7.865399463797466,1.684354861434547,-23.369141944104907,0.01680944847682117,0.06084761064655693
2149,0.05510204081632653,7.906905882849908,1.6757144413387233,-44.70579630435286,0.01685811166640997,0.06222694458979022
2150,0.02040816326530612,7.610803704915557,1.6896529011038073,2.952213491186064,0.01685675117057541,0.06087961769767869
2151,0.004081632653061225,7.659699721750696,1.6818059081005203,6.954435230653202,0.01686550311069335,0.06297438743235577
2152,0.036734693877551024,7.967918484395764,1.6887774330835352,3.187942677909343,0.01687451102613353,0.06527348996677806
2153,0.04081632653061224,7.660603280236044,1.6779005816638826,-0.4520635909725474,0.0169185380703612,0.06166378728178175
2154,0.012244897959183673,7.0816140570753445,1.6594883366706261,1.970615378124259,0.016886280820555294,0.05817449215869256
2155,0.0163265306122449,7.390787275439884,1.6655366060145416,-13.179237522163396,0.016907883796278594,0.05983859670128926
2156,0.08979591836734693,7.974347019744818,1.6730958567378333,-1.9433159187720512,0.01692063590639889,0.05835767809447068
2157,0.053061224489795916,7.795161240749908,1.6866245994216962,1.7134781699827943,0.016941132648729075,0.05932677606050059
2158,0.01020408163265306,7.505181573710047,1.674785782891872,1.5202974603288537,0.01698567868747227,0.06199958112883499
2159,0.0020408163265306124,7.599288374445839,1.686371851679486,4.856065983715059,0.016996110816647786,0.06047177821065165
2160,0.03877551020408163,7.367319579870325,1.7059814720851203,1.1098103174079053,0.017020435528376128,0.06526361285383593
2161,0.053061224489795916,7.101162122874183,1.7356058316498788,11.701731992577045,0.01696145182321587,0.06170035769784883
2162,0.01020408163265306,6.386317214469211,1.7400571899161896,1.5072327993005072,0.017016605339658705,0.06121985921308655
2163,0.07346938775510205,6.379864705045028,1.7411697411769973,-1.922609929673617,0.017011917556150433,0.06121188188001473
2164,0.0673469387755102,6.8561614890456735,1.7345116295633989,15.10607760097471,0.01699970378000116,0.060912208785615915
2165,0.12857142857142856,7.266164834865437,1.7260687816748186,1.5476933022007349,0.017006121403613978,0.060141651999601156
2166,0.07755102040816327,7.685859465446324,1.7009632733431788,0.3634067602126841,0.01705933121276129,0.058875360608175484
2167,0.02857142857142857,7.25055767101145,1.6969341052008657,1.7540872490760155,0.017001678890352034,0.059471768638804365
2168,0.05102040816326531,7.271394008203887,1.697726425339578,2.8954267606393747,0.01701799486722181,0.061405225238921536
2169,0.03469387755102041,7.477135724822602,1.683480484167136,0.13853328186340502,0.016994512758195728,0.0627340263765109
2170,0.06326530612244897,7.280408087203336,1.6799404426626827,2.620404775128648,0.017079601697210206,0.05986512133513737
2171,0.03877551020408163,7.544306453365462,1.7008854598730918,3.735709184584737,0.01710450662089051,0.06089090311584859
2172,0.0326530612244898,7.648417047957764,1.707209888030293,0.6209787535162856,0.017039515440749664,0.055979297933487306
2173,0.044897959183673466,7.456142588403402,1.708891377629433,1.9243192458581444,0.017098791251348396,0.056235472971701596
2174,0.05918367346938776,6.595374187959638,1.704113527006971,1.2819914954996043,0.017100912868158343,0.060096261497833536
2175,0.01020408163265306,6.698061012076542,1.695139008782697,1.2991347391262704,0.017113024358395547,0.058469494052149774
2176,0.03877551020408163,6.555842090865118,1.701558272979704,1.429287368713578,0.017093504399864408,0.05814898176522607
2177,0.15918367346938775,6.665190994724473,1.695814728188434,1.459579798818496,0.017110707403708632,0.05833692630713516
2178,0.10204081632653061,7.006692141482409,1.6835331866465537,2.3211845130071014,0.017128477837459605,0.058334278474723535
2179,0.10204081632653061,6.849060445212534,1.6973640534481507,3.3291289345032844,0.017121317265908875,0.060898000574743816
2180,0.11632653061224489,7.0966093415705425,1.6974259181489602,1.531575708869548,0.017143960361830506,0.061776670748552476
2181,0.07551020408163266,7.618620822304386,1.703295687001903,-83.108174534447,0.017175787453948727,0.05918816597956271
2182,0.07142857142857142,7.892950877081469,1.7090071722436966,-5.2078276731073805,0.01714300831868643,0.057464926773566405
2183,0.053061224489795916,7.271320170433668,1.7017777012216975,-1.0770251528228898,0.017208248125723906,0.05691834609136102
2184,0.014285714285714285,7.0804968592779165,1.700344892427975,-3.5763974045299967,0.017214498918906414,0.059728868118750465
2185,0.006122448979591836,6.824467678597635,1.698422160705314,1.2551902742887908,0.01723076570563853,0.0588037714609239
2186,0.07755102040816327,7.268723768504662,1.6964192434396597,1.4876441342239115,0.017238140620438953,0.06004399978886157
2187,0.08775510204081632,7.474858047846988,1.7226709285231048,1.9689853429070663,0.017244110893670478,0.06063182862979766
2188,0.08775510204081632,7.514747520347403,1.7343825038505951,-13.705327580720844,0.01725466645927299,0.06084314414755276
2189,0.0836734693877551,7.946041082530692,1.7238397133137444,0.6132646942966777,0.017259753527414788,0.05961073213660528
2190,0.03469387755102041,7.66765305785884,1.7210537962104138,1.8114967310574723,0.01721259713093262,0.057707810181283146
2191,0.026530612244897958,7.604762920008528,1.7145477800052156,1.726911062005795,0.017178557459785044,0.05953582343806685
2192,0.00816326530612245,7.83749995496777,1.7132699536794125,-0.19617054488230412,0.017196873704067764,0.05944341656277632
2193,0.03877551020408163,7.749323564427604,1.7297985148801307,1.236497330751515,0.01722766218617077,0.058225493487307975
2194,0.03469387755102041,7.962598629386487,1.7262035726408285,1.3255787117076054,0.017236958066503837,0.0596934521081105
2195,0.006122448979591836,8.05867399464492,1.7076141688130924,2.551509702333702,0.0172443987191639,0.05857667555810435
2196,0.022448979591836733,8.431669680536924,1.7077587758050616,2.3393897079650636,0.01724893469411675,0.06050679929994849
2197,0.004081632653061225,7.792372935905967,1.7094735504321692,-1.3551967534165918,0.01733333052939696,0.06092661905789987
2198,0.0,7.3104713624261635,1.6944558928552875,1.5497209086878845,0.01729226509722791,0.059818128418296965
2199,0.004081632653061225,7.3684405298261835,1.7015511881842638,1.9863512651072708,0.017299405272959173,0.061482753659581516
2200,0.0836734693877551,7.794097732868879,1.7044191746860915,8.45312368334654,0.017344432494477213,0.061311530563649616
2201,0.053061224489795916,8.312456350925531,1.6952304670983023,1.2821561037704705,0.0173409844155101,0.06372177895636555
2202,0.0326530612244898,8.079442566640779,1.7085213324523758,1.5117781787779805,0.017270028563192225,0.05848024518977153
2203,0.006122448979591836,7.597997957548271,1.68800809005364,2.0135864710492726,0.01719449574736001,0.059402177004214
2204,0.004081632653061225,7.017283843558977,1.6945650167466546,0.8352222325439318,0.01711212569445602,0.0612241584962264
2205,0.030612244897959183,6.915880421299893,1.6603035225710014,0.27248163679187243,0.01718434643156778,0.05935140325652814
2206,0.07959183673469387,6.942769691017335,1.6610223370387103,1.7374957944378828,0.017107387255657216,0.059153593186208345
2207,0.09183673469387756,7.415469878162076,1.6436688773176307,2.6501845287176202,0.017160036771348537,0.061793022080287544
2208,0.044897959183673466,7.786167848642137,1.642525116664795,0.9174698966017537,0.017195430541300027,0.06198181490579804
2209,0.05510204081632653,7.836383481649345,1.6569698372023818,5.497887187353657,0.017194903411427598,0.05990677214281133
2210,0.03469387755102041,8.296581631127056,1.6796747968383032,-0.29344485422976063,0.017154059374122076,0.0629023184253289
2211,0.026530612244897958,7.500854514273388,1.6633622660572667,2.735186253466626,0.017161578888597755,0.057438106102566056
2212,0.012244897959183673,7.602869996403718,1.667114697436448,0.7868341622948283,0.0171806316301441,0.06027313634285157
2213,0.006122448979591836,7.026763822161508,1.6832960603313933,1.742862051639852,0.017087071635426904,0.05854184785498071
2214,0.07142857142857142,7.421350669945563,1.6632735622188386,2.1160989256807574,0.017120794772852332,0.05870522404607024
2215,0.04081632653061224,7.527942691425837,1.6824638458641297,2.749257645087487,0.017130945786930595,0.06077930078112444
2216,0.06326530612244897,7.824077144074617,1.6681107687809238,0.8738292764305274,0.017165241182118915,0.06129732528048841
2217,0.05102040816326531,8.084649209144503,1.6731134308173454,-3.433667837285271,0.017157615388050395,0.06131840568782707
2218,0.03469387755102041,8.055156983198858,1.6516661755243685,2.605988375791359,0.01720103020477455,0.058337947488452446
2219,0.006122448979591836,8.138057195545267,1.6577282002277531,4.079655678799233,0.017118598838252976,0.06130355092409275
2220,0.0326530612244898,8.451269978990096,1.6566779449965803,-2.913769579067269,0.017128673959279816,0.05939145996524886
2221,0.0163265306122449,8.179733688834606,1.652099457727175,1.7704932024964546,0.017140681468748607,0.05425193557764365
2222,0.004081632653061225,8.192301599960487,1.6602049696118852,3.3682416642420185,0.01713779478720218,0.056658280170700515
2223,0.0020408163265306124,8.562254327745146,1.6566123954344558,180.61623336674376,0.017169516173790488,0.0608592784609193
2224,0.0,8.413906908013704,1.6392662535969336,6.8417900961666165,0.017125562271141804,0.057572508729139014
2225,0.01020408163265306,8.500097187934609,1.6555516293663635,1.1154869661926208,0.017114988749771142,0.05964973754798988
2226,0.012244897959183673,7.985370475872233,1.6627040256126617,-168.55613314301718,0.01717423380269525,0.056724923469588975
2227,0.0020408163265306124,7.365451469283395,1.687093530005686,2.3573623616773753,0.01710120728254117,0.06028900899740471
2228,0.0,6.874427266474968,1.7033008186954046,0.8128626489876607,0.017060656670906938,0.060318239732096136
2229,0.0653061224489796,6.714613085242149,1.6885577480821141,2.4302343121629417,0.01702537689043445,0.05903959122567452
2230,0.07142857142857142,6.372882740995903,1.688554126591868,4.0658858638246755,0.017192773937384102,0.060774180715607876
2231,0.09387755102040816,6.912617923744069,1.702933559974597,-29.617746831417897,0.017094828363114954,0.06225998965072932
2232,0.05510204081632653,6.358923581621714,1.6979767672885635,2.7532152909726175,0.016953317723341153,0.06039558171087479
2233,0.09387755102040816,6.856762224741869,1.6715677158832405,1.2787528027288484,0.017006684180203575,0.06040260769183216
2234,0.0673469387755102,6.956732660088196,1.6911764812934955,2.8072086417377586,0.01702145625655577,0.06067013618663834
2235,0.11428571428571428,7.0823985331907515,1.6988249852153945,8.03553534702376,0.017033287951469366,0.061855479413940116
2236,0.04081632653061224,6.822567254473018,1.6872707811141343,-0.9050095321233063,0.01715745304646131,0.0647829720592025
2237,0.04897959183673469,6.344773339728215,1.6799149263627042,1.6020426388151505,0.01711521762264865,0.05650138619491214
2238,0.08775510204081632,6.79257611787555,1.6629513105115756,1.831035071207267,0.01711149610091614,0.05923557915021825
2239,0.11836734693877551,6.715162985998393,1.6694579665106253,2.780444636970352,0.01704943494365981,0.05955100296478907
2240,0.13877551020408163,6.218244653539803,1.6965480965548154,0.022511994248670675,0.017033583298295255,0.06209239926051095
2241,0.1326530612244898,6.444534814181628,1.6860496583636513,0.28199184137246347,0.017032173809193026,0.060940034570558285
2242,0.06938775510204082,6.325096963838408,1.6763270598613462,-0.3206819486338587,0.017055689872046746,0.05932046760656555
2243,0.10612244897959183,6.861232267663422,1.6752310882383252,1.9886854280454451,0.01710774743846164,0.05945746467001097
2244,0.09183673469387756,6.602378032212672,1.6754919052946948,2.9335713338857032,0.017070302280936377,0.061463188230059876
2245,0.14081632653061224,6.438002747319058,1.6788240774181702,2.1532242257459933,0.017094554397618013,0.06395873775499608
2246,0.10612244897959183,6.283836328238185,1.674215922081812,3.453496626384478,0.01710658179243856,0.06339100849840773
2247,0.1306122448979592,6.342618665063142,1.6827475505389162,-6.006443932961302,0.017121537006952032,0.06382365438504044
2248,0.17551020408163265,6.979912731149976,1.675713684277105,5.093978801813979,0.01711700218956092,0.05752047401828699
2249,0.07755102040816327,7.298199505834971,1.665474355801556,2.1594417040051255,0.017090590278006506,0.06384098209973384
2250,0.12653061224489795,7.096194073962988,1.652586316762053,-0.46624326746828315,0.017078167998215887,0.06178111260307702
2251,0.09591836734693877,7.6018365068446325,1.6528328406077226,1.7739669679391858,0.01708198580581638,0.060174267347263076
2252,0.018367346938775512,7.4691312860892936,1.6400775946353114,2.1106340848359673,0.017070633020792626,0.060516953083348056
2253,0.05918367346938776,7.364807383937493,1.6469202645654615,1.6701048888701657,0.017051068899220256,0.06122675140882241
2254,0.01020408163265306,7.480725755761472,1.6572863738794743,1.6927910798124715,0.017040768262517242,0.06133780516808766
2255,0.030612244897959183,7.4172516077520045,1.6568053876891313,5.3839264685242805,0.01696484358140548,0.06090414140820588
2256,0.0653061224489796,7.495883804849561,1.6706296941327112,2.578957402809557,0.016961871311751718,0.06406811079714889
2257,0.044897959183673466,7.761839330508837,1.6750515060873976,-0.35223357883795287,0.017013218467066476,0.06306299166230435
2258,0.044897959183673466,7.628377492930545,1.6656532063271217,1.5977510989067034,0.017000326499256934,0.05810436715978853
2259,0.036734693877551024,7.91186468589096,1.6614864394370457,1.672852922848699,0.017004068824320772,0.06086722175158925
2260,0.036734693877551024,8.161724297488655,1.6637266341415748,1.998738235906083,0.017018276066753817,0.060705679319914975
2261,0.00816326530612245,8.244644233035745,1.6709004801050458,-106.99453757745366,0.017098180466058953,0.06057141979304501
2262,0.0,8.335516298332896,1.6691552583687157,-4.293398231851098,0.017041375943221544,0.05880680709715652
2263,0.0,7.964845737745636,1.6789650935919047,1.9683396037868868,0.01708312966151827,0.05798746471633891
2264,0.026530612244897958,7.835025826450907,1.672943676531677,1.6558907692006766,0.017086163362815838,0.05968177338962466
2265,0.00816326530612245,7.65925718668305,1.6722324719708355,1.4949592406617274,0.01711229180076527,0.06056039666167294
2266,0.024489795918367346,7.792006297976593,1.6659877544312778,3.88860894778466,0.017124832502231246,0.05994339637542469
2267,0.0326530612244898,7.521035155921988,1.6700409251559132,4.406650798907404,0.017121339748997516,0.06312339691890731
2268,0.036734693877551024,8.10290192513812,1.6519535297987449,-3.3553574993417525,0.017115790229290124,0.06317812331370122
2269,0.006122448979591836,7.756442585671076,1.6610377673306496,24.978033725308865,0.017151253151865893,0.058854454898617035
2270,0.053061224489795916,8.275106020045115,1.6749476600958513,-1.7907548261811321,0.017106813181734317,0.0640560104747204
2271,0.01020408163265306,7.850600677633679,1.6660082706284849,7.776112020956196,0.017145874741742832,0.05497051337270845
2272,0.014285714285714285,7.949847975952616,1.6796637280551758,-2.5929119541482186,0.01720800247196393,0.060961702984987196
2273,0.04693877551020408,8.054161115949487,1.6945381913717628,-0.3349635754650994,0.017187776993323668,0.05592221510436739
2274,0.00816326530612245,7.91282990572068,1.692638086388486,2.206388578653616,0.017195256205287522,0.05577435509710458
2275,0.044897959183673466,8.071064652581637,1.6775791318795454,8.614121333306807,0.017200427379797854,0.05997743703820899
2276,0.00816326530612245,8.564023189490566,1.66500823575985,-5.916597740784188,0.017218785573131546,0.061651821428780604
2277,0.0,8.215432804742736,1.6769823779553843,4.707081203884142,0.0172153045927588,0.0549698710287261
2278,0.00816326530612245,7.834087868306831,1.6676377710246197,5.3901732790105426,0.017246761985944093,0.06218727891081945
2279,0.006122448979591836,7.995744712125448,1.6797583488330274,6.978478965413219,0.017300292982184155,0.06481126252025642
2280,0.0,8.487890066414526,1.679185726591894,-8.486268831360565,0.017264385719139613,0.06592453054884936
2281,0.05510204081632653,7.694829871657849,1.6853656087470859,2.245279889025128,0.01734446436992168,0.052125568276621945
2282,0.02857142857142857,8.074746303032704,1.6884685489540265,-1.1438372922563167,0.01736238211048503,0.06107154434006971
2283,0.05102040816326531,8.160602346353787,1.6890042646583514,2.0113328226383684,0.01736942240945754,0.05704353896116153
2284,0.01020408163265306,8.443842589632267,1.7031658518681818,0.6866387512517145,0.01739363928720784,0.058911503417163405
2285,0.0020408163265306124,8.515830535028655,1.6981363168742392,-1.4816719795730817,0.017403449993399506,0.05810958875618379
2286,0.0,8.331222108225777,1.7009361582179956,2.386976333832254,0.017409360215243898,0.05764887702277359
2287,0.0,8.31772295847571,1.6985780541015785,15.016087801707311,0.017420639536012462,0.05940813902588067
2288,0.004081632653061225,8.582128408886934,1.6957552327254055,2.218876217844802,0.01744534114174288,0.05931668295140528
2289,0.0,8.387957584622526,1.6916833855002333,6.779932142489033,0.01744870451063652,0.05897030314228592
2290,0.006122448979591836,8.491290337208875,1.6762515038064612,25.581216637337228,0.0174318034065472,0.06302528252815531
2291,0.0,8.351380718683588,1.6831453123814981,-2.217188400207949,0.017490167001208385,0.0598802696128097
2292,0.0,7.732956698956118,1.664558800011212,2.4494204637038677,0.017471055884705138,0.05750661610058695
2293,0.04285714285714286,7.964158677845157,1.6689860967212247,2.791328245487763,0.01748468775915154,0.0624193167505801
2294,0.012244897959183673,8.18359983239587,1.6462785186761737,-223.82493869350463,0.017506847982975304,0.06308725464824608
2295,0.04285714285714286,8.345694350615666,1.6346327615312497,0.03410211963144327,0.017498836002560338,0.06199062122368341
2296,0.00816326530612245,8.263879581976616,1.6498797700307255,4.311086102403875,0.017519065225684284,0.06013038932377153
2297,0.0,8.66283913899405,1.6651273890017244,4.834240596017694,0.017559849212436963,0.06590221192059686
2298,0.0,8.740895992016705,1.6786810535101626,0.5843976125663829,0.01749732240321495,0.06481505475755225
2299,0.0,7.972160375043447,1.693223385935853,2.419826255272325,0.01763468027119327,0.05847618946250448
2300,0.0163265306122449,8.093053289596153,1.696616580710086,2.6429768353679384,0.017645798712067264,0.06129545110201279
2301,0.0020408163265306124,8.102386808581398,1.6732538449761765,3.66513036950563,0.017658549176130807,0.061814943647049224
2302,0.04081632653061224,8.446609854142467,1.6672407546320291,-1.3062334677096465,0.01767195778408171,0.06240154172995481
2303,0.00816326530612245,8.262715861780299,1.6588349571531065,5.416204657863833,0.017687038509481882,0.06004350291698739
2304,0.0,8.623965904571136,1.6527619005966991,11.603290858227611,0.017689655982886923,0.0634503452072513
2305,0.004081632653061225,8.506721221389148,1.650725235898391,1.4587959419411363,0.01772477488656553,0.05820260671991444
2306,0.006122448979591836,8.345644399045614,1.6553123222367692,6.632875358916317,0.017713473477868773,0.05722369152266686
2307,0.01020408163265306,8.181516645881317,1.661270931264226,1.6932694598734819,0.01774054221939501,0.06198145687748084
2308,0.004081632653061225,8.002107907938228,1.664666406068264,4.373544730254848,0.017746202485315637,0.05758711253320743
2309,0.0,8.389350965256535,1.654723319625483,-1.5693707253132545,0.017765174985443957,0.06378322614016227
2310,0.05102040816326531,7.890883920228186,1.663715188377887,7.753147866600346,0.01776631286641247,0.058900315456546726
2311,0.01020408163265306,7.8203090227039915,1.6581617108490379,0.31510057453598295,0.017724402169542082,0.06513834191632802
2312,0.0020408163265306124,7.15908543396082,1.659006369519699,8.060375335552095,0.017708255931214188,0.05859252587792004
2313,0.04081632653061224,7.713325887891955,1.6499204313314413,-0.9869300097309924,0.017742395563985124,0.06564880495031067
2314,0.06938775510204082,7.77836877148706,1.6598220784278304,-4.567820840772487,0.01765265991361717,0.06099543747435945
2315,0.053061224489795916,7.442249282440876,1.6335568657919433,5.04998418562906,0.017708228647666746,0.05727227344876531
2316,0.018367346938775512,7.802922909183494,1.6313661820008116,0.8050399544633198,0.017725606410558266,0.06218050201583534
2317,0.04285714285714286,7.800398762081554,1.6068253832840007,3.2908084104009645,0.017737433487214998,0.05805617567938517
2318,0.044897959183673466,7.68830063383465,1.6289562518057847,-0.19325206551099025,0.017760621049395943,0.06314989501540147
2319,0.014285714285714285,7.569755843407563,1.6378948482622775,2.9828236669716848,0.017806274585123495,0.059589151544501326
2320,0.0020408163265306124,7.753181926052076,1.6566430079171164,1.062561986158166,0.017809822452578433,0.06271407652726227
2321,0.07755102040816327,7.8051272534379565,1.657377292610955,4.300855562368217,0.017798745843391483,0.05947521195831311
2322,0.02857142857142857,7.542126078639643,1.678536008399013,12.767334588959335,0.01784043131891005,0.0633660875943477
2323,0.014285714285714285,8.508714830630767,1.6959761418431876,-10.896515038664486,0.01778141309351091,0.06914488451143166
2324,0.0163265306122449,7.020467674539144,1.7323023241789683,9.481128126522677,0.017761336645440946,0.05095524796406194
2325,0.05714285714285714,6.9521816112368855,1.749941199785649,0.6669901114898604,0.01780879754692129,0.058465833966103074
2326,0.05714285714285714,5.740867168126172,1.7508914097218866,0.8992787200626353,0.017762335741282526,0.056903303658791926
2327,0.05918367346938776,5.85136501224577,1.7551783900002016,1.6534001399691598,0.017759578092696408,0.05778983697662586
2328,0.0836734693877551,5.2905300133401925,1.7506639744610555,1.4567499602185865,0.01769634609690121,0.0594467400059723
2329,0.18571428571428572,6.275448602244014,1.7482853249374317,-6.095413981866651,0.017675901812643675,0.05868867363825303
2330,0.08571428571428572,6.321397100735683,1.7451079790363397,2.0856009737752736,0.017628465458417987,0.056769782019038706
2331,0.15918367346938775,6.811899192342332,1.7540634450839374,1.305009379535751,0.017671206713623062,0.05852568097411411
2332,0.14489795918367346,7.05586328059404,1.7667962420941217,-0.08626239976828583,0.017657185879602657,0.058688147920552304
2333,0.1489795918367347,6.878488699901152,1.7480239569584595,1.4670339572969222,0.017705060981476606,0.05860357069979401
2334,0.12653061224489795,6.707491383060415,1.7553080857059864,1.1251856498153938,0.01769826181734118,0.05841517366119266
2335,0.1,7.28339756807394,1.7456934003760551,1.185642529416893,0.017652688803117638,0.05808146300713664
2336,0.05510204081632653,6.964752884124749,1.748269113044543,1.9253437917773144,0.017685161187885674,0.05877380862623911
2337,0.10204081632653061,6.981198645657836,1.7415588125451766,1.3306309011897093,0.01763209944421203,0.05997802282630553
2338,0.036734693877551024,7.04636026704422,1.7151229929083012,1.1745661508009302,0.017681747810897173,0.05945956843174085
2339,0.05510204081632653,7.1451077082120875,1.7241619017411234,1.0382461263318634,0.017674272282304476,0.06055272706631389
2340,0.1,6.862425970493352,1.7333284407649088,1.6402062881456505,0.017636454641105175,0.05916066235875508
2341,0.11836734693877551,6.83224051133693,1.7533550774098963,-1.447535204853333,0.017706061186928416,0.05979742764996916
2342,0.06938775510204082,6.6324997014221605,1.763107813377477,1.5379901121901949,0.01769383182399185,0.05797990960377712
2343,0.05510204081632653,6.455526595525347,1.759482996246149,1.5266991860684187,0.017635644381549798,0.06031172109679912
2344,0.0836734693877551,6.734570528086316,1.7730098924173157,7.62164053158625,0.017695308160422592,0.05983555979412164
2345,0.0836734693877551,7.047610826227517,1.7693200872816919,1.650128802074604,0.01763132822784763,0.06265640499414137
2346,0.11224489795918367,6.548738622942613,1.755948991414621,1.8124526883488223,0.017595940373688206,0.06060113806494495
2347,0.09591836734693877,6.003682252890802,1.7555933745170946,1.6896323541652447,0.01755737911054949,0.06088420193936258
2348,0.0836734693877551,5.7104858239405205,1.757076879303576,1.7046728947150442,0.017639835331896565,0.06059037656505695
2349,0.10204081632653061,6.400586752463623,1.7562693328937706,2.580286407441186,0.01763111210357144,0.06113802289360156
2350,0.12040816326530612,6.698165716289129,1.7762115955612114,0.9127017840647846,0.01763908393107517,0.0606125947573275
2351,0.19591836734693877,6.913572966769406,1.7562009596641568,0.10532881727880775,0.017604266160726034,0.05818407228247434
2352,0.16938775510204082,6.473298783768134,1.7642770955304632,1.1882816582755957,0.017673689762589977,0.0570144076056166
2353,0.14081632653061224,6.577995210606083,1.756531559177256,1.3938777626746994,0.017561192433398536,0.057930672660355585
2354,0.08979591836734693,6.422784335851003,1.7579516091278375,1.2248980115056693,0.017544464030682955,0.059145587786264976
2355,0.14285714285714285,6.741325585337127,1.744026489162577,2.8108387377117463,0.01756090400835176,0.058984713316075355
2356,0.13877551020408163,6.554710284446246,1.7372954346351295,3.9540195073775215,0.017546292839478082,0.06130687733553848
2357,0.1653061224489796,5.83478327782655,1.7552858862973446,0.2563883759503739,0.017579211729606702,0.06343573584916637
2358,0.1510204081632653,6.737158206365755,1.7534977641211746,-0.4759556101618023,0.017522694171746657,0.058751736358766925
2359,0.05510204081632653,6.921457562322885,1.75809378103639,1.4052503365688105,0.017502272471693843,0.056934829112605945
2360,0.1326530612244898,6.78213402072007,1.7645791360159557,1.6918103456844111,0.017546918249984483,0.05992781452778828
2361,0.1346938775510204,7.009883119820595,1.7323718665547643,2.364809199548136,0.01752876822420809,0.06042360247077152
2362,0.08979591836734693,6.692561021138021,1.7182772504054675,1.4448367953488888,0.017492078549326766,0.06097619798284539
2363,0.09387755102040816,6.859266902476272,1.7332734270035755,-0.1082876566045952,0.017540208086655747,0.06049041798362884
2364,0.0653061224489796,6.394438898194371,1.7365797780986918,5.947544738708995,0.017443729331883106,0.05941630182993851
2365,0.1,6.991131867749165,1.7404794205003176,3.9997668963102315,0.017527204061248577,0.06275249908955827
2366,0.04081632653061224,7.028535678129047,1.7319387090689091,0.6630710066426246,0.017543921068066272,0.061484271261588855
2367,0.1,7.005722433365385,1.729817760416753,1.367125301923539,0.01750340764117061,0.057646459622863654
2368,0.0836734693877551,7.125732282907282,1.7443694110157224,1.3273784327323679,0.017489163371601075,0.05883901614466989
2369,0.1,7.204237687415381,1.760793662633127,2.2567050982023624,0.017479082750584674,0.059113218000599065
2370,0.12040816326530612,7.064698010831605,1.7721991719975776,0.0969696890708331,0.017476475060453113,0.059274128421397856
2371,0.11632653061224489,7.367582425212808,1.7606695676341553,9.783838849476902,0.017484076915657603,0.056939924139417196
2372,0.044897959183673466,7.282413049799847,1.7541337365220593,1.2387230499043762,0.01751585518635678,0.06019104787882614
2373,0.0653061224489796,7.337247040046828,1.7406439255893822,3.3081638684255283,0.017503512762839325,0.05963486785462983
2374,0.04897959183673469,7.249577030211435,1.7169547760359931,0.7832933222538567,0.017523389563034703,0.06306400382880717
2375,0.0836734693877551,7.425794558927789,1.7315704759585309,1.7827448337294747,0.017467192840769027,0.06007840350383013
2376,0.024489795918367346,7.3950956668156795,1.696360821385198,19.291095307893713,0.017459894266911212,0.060347501339873565
2377,0.04693877551020408,7.855489350695184,1.690992263464163,1.1811455138830655,0.017431608070853595,0.05947408261051771
2378,0.036734693877551024,7.762034775812419,1.6977812428522203,5.259342959257823,0.017447157395007646,0.05923439126770543
2379,0.02857142857142857,7.6816736227041975,1.6836894979623414,0.4928303767832468,0.01746677776799845,0.06378266268595814
2380,0.012244897959183673,7.6213641068315905,1.6775822059874947,1.8537177132540492,0.01746150305240316,0.058363027581480355
2381,0.018367346938775512,7.545674082803012,1.6718449514513443,2.3585482052596367,0.01750131551378723,0.06096873533373774
2382,0.06326530612244897,7.559886943643053,1.6592964620784934,2.3838368346613694,0.017448684354209005,0.06369538946340803
2383,0.012244897959183673,7.468179654378734,1.6465796703925804,4.864822192303109,0.017458029563480804,0.06395729689989085
2384,0.026530612244897958,8.141699283636207,1.6532642994163407,-42.38004839948565,0.017426048798835518,0.06548016341331364
2385,0.044897959183673466,8.041004409455422,1.6435318195686666,-39.9892374647814,0.017475036673626144,0.05698658768864193
2386,0.03469387755102041,8.09982243020236,1.6444132523784722,12.043804173429773,0.01746328656217802,0.06078159782928964
2387,0.0163265306122449,8.681163592173684,1.6445231616058944,0.082932134181672,0.01752599493668499,0.06289805597832294
2388,0.0020408163265306124,8.510252298997955,1.64386180928512,-1.6743224171309834,0.017489805496881377,0.05601781715112928
2389,0.0,7.929368846677581,1.646844286402281,2.7445962453587507,0.01743900927678375,0.05815418920740513
2390,0.0020408163265306124,8.044235428416378,1.6431152661695427,-1.4512052608290045,0.01747034571619991,0.05911323777003619
2391,0.004081632653061225,7.452132284074923,1.6328219520049068,1.5084679016636053,0.017537549338743436,0.05542367970717739
2392,0.04897959183673469,7.42937150508161,1.6508429793154986,1.3338216130334821,0.0174870771322004,0.05871024735118602
2393,0.044897959183673466,7.3366634257371555,1.6525812927803019,1.4609612478790015,0.017497240901225408,0.05837311872593535
2394,0.036734693877551024,7.554277931704794,1.6574252422863396,3.6630233118510462,0.017500104809089045,0.05784792495558153
2395,0.04081632653061224,7.458050703942554,1.6691043121438232,0.9364338551930462,0.0175246731046113,0.060538560990353874
2396,0.061224489795918366,7.8504807885219705,1.689881978842475,2.111269466826903,0.017492263589024098,0.05778156515241638
2397,0.012244897959183673,7.9838973419160695,1.6983427873314008,10.775010993237506,0.01752646776904867,0.059314022890219975
2398,0.044897959183673466,8.185598695659026,1.7275334681780417,0.17197561747232334,0.017532526565829754,0.0574996296392466
2399,0.014285714285714285,7.590710685025196,1.7721280891607853,2.4200560128482422,0.017502746165179245,0.05562005670660142
2400,0.006122448979591836,6.851591375113963,1.7605914570815198,-5.976616145355614,0.017552924544079956,0.06068625995991668
2401,0.036734693877551024,6.620962163309673,1.7556158418369041,1.3590562949212626,0.01757088085192921,0.05810942830450485
2402,0.04081632653061224,6.896243098825233,1.76042201337709,1.6877148650742821,0.01759232022348759,0.059097223194849044
2403,0.12448979591836734,6.733395042510239,1.7454217408793073,2.9746999253956945,0.017666056106336602,0.0596349499978033
2404,0.13877551020408163,7.1855687748476935,1.7371621755006474,-8.349390764079,0.01764449825954125,0.06144775971916485
2405,0.09795918367346938,7.043642536371447,1.771522958463637,6.305538585394703,0.017619765976900625,0.061024307856075446
2406,0.10612244897959183,6.982920349223488,1.7642126982646993,-76.36301526090969,0.017606827668972362,0.06037817180247486
2407,0.05102040816326531,6.825341581262952,1.744563305325353,2.0272373177855507,0.017642554189513833,0.05576418346572891
2408,0.05918367346938776,7.231306073652088,1.7480782948404017,-0.5106741261057388,0.01764981295116271,0.06000174226083863
2409,0.11632653061224489,7.59656777917674,1.7421040177354468,1.4645035054777107,0.01764331481199562,0.0570035307303393
2410,0.05510204081632653,7.846143938616269,1.7398452814863734,4.182986985282419,0.017664396732094263,0.05861459991035369
2411,0.05918367346938776,7.934238357552386,1.7360867614331417,-0.10152530915720064,0.017675963785461025,0.059250649284111744
2412,0.02857142857142857,7.983183317527738,1.7262893472195657,1.2444806155457697,0.017691360579320876,0.05630621645502058
2413,0.004081632653061225,7.819799990974317,1.7170055774126298,1.3453542995083585,0.017691499333783327,0.058183626079734506
2414,0.024489795918367346,7.371914458642204,1.707987272300848,1.581017323418966,0.01769766017795309,0.058782671493508395
2415,0.004081632653061225,7.2204692321338655,1.7169838956233348,1.2966299777976646,0.017693000421581,0.058496430865588624
2416,0.030612244897959183,6.873695477347297,1.722973825462476,1.7531904987787044,0.017813810417405606,0.058249544035517256
2417,0.07755102040816327,7.107219715476072,1.7362793181617038,1.2346109133529637,0.01769485471356144,0.058507467321701846
2418,0.03877551020408163,7.084985076388229,1.7572870845625088,1.543378486699298,0.01770964064721091,0.057740370239977155
2419,0.0673469387755102,7.6889561684475165,1.7490877433725822,0.6448811555603584,0.017745461565718188,0.05648434761044767
2420,0.044897959183673466,7.533402448792979,1.7193253978284802,2.1724688179871228,0.017743078802823477,0.0596799080041282
2421,0.04285714285714286,7.768509100191227,1.724594942714785,5.230662010786395,0.017748351529506122,0.06122959746887596
2422,0.014285714285714285,7.932424634514827,1.7298315352043778,-4.327998260558551,0.017802332641445744,0.06324632947723843
2423,0.03877551020408163,8.040084384638794,1.7182413757052892,-0.9709105240310031,0.017793956431830276,0.057895896399241475
2424,0.006122448979591836,7.9208130857751415,1.7141477109422614,1.561020788644877,0.01780270962394122,0.0580225281205818
2425,0.03877551020408163,7.906713688506971,1.698587120444003,1.9073572497717344,0.017746262612320353,0.05846232195429083
2426,0.01020408163265306,7.7798333442607115,1.7043411462768936,1.7768331258002932,0.017725898912365635,0.058662814161422785
2427,0.0020408163265306124,7.81656528295932,1.6949363330696572,1.2851881313511206,0.017734382455036786,0.06001459558314644
2428,0.0326530612244898,7.9629633909745845,1.7000072382594804,1.562878934548046,0.017742351145522795,0.05837514704789297
2429,0.03469387755102041,7.972996508806693,1.6849796040346523,2.2520350551536716,0.017752497599959848,0.058655933534294505
2430,0.018367346938775512,7.456089206237356,1.6988794132892358,4.49370956805539,0.017817905118221164,0.05981896130800275
2431,0.012244897959183673,7.902653380900577,1.7041825226957241,-3.944006670064698,0.017853812875922713,0.06432179410680698
2432,0.014285714285714285,7.319081289321714,1.6858691659752398,2.4523746931362376,0.017758318835873036,0.05807608981781731
2433,0.07551020408163266,7.31473302779564,1.6849244830074657,3.4505190857995998,0.017852266882742867,0.062000365788633285
2434,0.024489795918367346,6.801195232328668,1.7082753603935297,12.887186008468078,0.017906403417704185,0.06402783140114464
2435,0.04081632653061224,7.084473796408315,1.7038134258061375,5.049257466717437,0.017908554620282336,0.06297966826103804
2436,0.06326530612244897,6.876445064743018,1.705174101498479,1.1455581777130035,0.01788850429292755,0.06135602823753424
2437,0.09387755102040816,7.292079004550374,1.695057675918108,1.7047976781521226,0.017893075974238695,0.05978143923177217
2438,0.05714285714285714,7.65278689572755,1.6940501333358828,-1.6650318035537839,0.017940076948237606,0.060302734741852757
2439,0.08775510204081632,7.520338630179933,1.7036248505937086,-10.259983902279588,0.01803673713603162,0.06088499263556298
2440,0.05714285714285714,7.651398876886878,1.6907276206955137,5.187957789763206,0.018034331113336383,0.05950700650204033
2441,0.018367346938775512,7.673552843043471,1.6794335753282907,0.3425928282599249,0.017990247754809514,0.06304589748267708
2442,0.05510204081632653,7.871709308478598,1.6860673629377856,1.6475843614403491,0.018001327472644716,0.058306270129274876
2443,0.012244897959183673,7.489123365433173,1.6900311421664285,1.844301740596967,0.017956298272093184,0.06088251321037634
2444,0.0326530612244898,7.4621568839085,1.6870369548554551,2.269963463168142,0.017955080292197757,0.061870610439587026
2445,0.006122448979591836,7.514663816998075,1.68450563259924,2.299171445806946,0.01800834862253456,0.06210477918865087
2446,0.05714285714285714,7.935689749105764,1.672757255151829,0.7198525032128251,0.01795857891824871,0.061081193582441684
2447,0.03469387755102041,7.926925404827406,1.665785233895872,3.2479074859497374,0.01799113398106441,0.05871334977998947
2448,0.03469387755102041,8.284972416922647,1.6862543987376082,-3.0115634963197593,0.01795713828318157,0.06226235350895297
2449,0.006122448979591836,7.980978386454693,1.6788759702918228,3.874049422546533,0.01794908094958985,0.05659700259541582
2450,0.0,8.264534969597486,1.6687451813494807,0.31842923250043703,0.017963417860430923,0.060342554605815744
2451,0.0326530612244898,8.235891646690726,1.6434815333468216,1.4907051499883404,0.01796364344882716,0.0551617723422861
2452,0.01020408163265306,8.319927455807283,1.662035176518525,1.7847630693766205,0.017966114847641514,0.05751134954470181
2453,0.0020408163265306124,8.114959236259406,1.666118343305998,1.906509008415469,0.01794057505275832,0.05960541135842088
2454,0.0,8.164697853795786,1.6686979447666053,2.496491401161846,0.017941625711927086,0.059867136685325215
2455,0.0,8.115292821012627,1.654088319346139,179.34446989263708,0.017953380099335236,0.06037867738968157
2456,0.02857142857142857,8.056806817496824,1.6677470972295458,-1.0905571926240818,0.017976031816690524,0.06322027546469551
2457,0.004081632653061225,7.587578989309907,1.6848099755093298,-1.767639749547183,0.01798593709355026,0.05929780596263192
2458,0.006122448979591836,6.870433910751193,1.7052189721925053,2.3785219547107355,0.017820159501608694,0.05850333419861407
2459,0.0653061224489796,7.052133582380822,1.7112373019647114,-1.8102360851070678,0.01785698836374572,0.06096864753522972
2460,0.05714285714285714,7.239603068310755,1.7342166453250252,1.8125630256949905,0.017859991442768456,0.05858410300619863
2461,0.08775510204081632,7.696726696471828,1.7214956642939563,-0.2697916790558058,0.017899457140640014,0.06041233334571292
2462,0.08163265306122448,7.8438023976578775,1.7260433420077375,1.7013174839385825,0.017898581004367874,0.05799706028749174
2463,0.04081632653061224,8.082103137671185,1.7212213536266205,-48.17811819834949,0.017898384771905022,0.05864575715947769
2464,0.036734693877551024,8.15734172915377,1.7181566820222665,1.1896235581798473,0.017896091420388276,0.05718002781563173
2465,0.006122448979591836,8.168773223495753,1.7102083623331248,1.3949039391495315,0.01791231945061727,0.05765235130983386
2466,0.004081632653061225,8.022079837878149,1.6871639894736736,1.6708072834008565,0.017883747483391547,0.05760991775984388
2467,0.0,8.2141425220634,1.6533975038865634,-9.001451809222516,0.017861870831260857,0.058615126173606355
2468,0.014285714285714285,7.502262569429126,1.664795148001549,2.72586027364263,0.01786445086492173,0.056754235527583116
2469,0.02857142857142857,7.839060847154861,1.677364314713497,0.6151340137298511,0.017832200216145365,0.06072042015963832
2470,0.012244897959183673,7.95301446228329,1.6852021553551395,-1.9553194404286305,0.017913209282859832,0.05787926618440113
2471,0.06938775510204082,7.7679065981167605,1.6891508978415428,-6.437636081059248,0.01783189373000359,0.058843582539448394
2472,0.0163265306122449,7.9041284669093645,1.6548543592428437,-0.7713167948347677,0.017850390401297933,0.05682190129040696
2473,0.0020408163265306124,7.76008217189121,1.6627095480889902,1.842320145572063,0.017816847423072945,0.055190660948195934
2474,0.0653061224489796,8.336777235557024,1.668024928073126,-1.0232188348928175,0.01781747794617473,0.058267986615192044
2475,0.0163265306122449,7.901676672017305,1.679558601502701,1.041091033266119,0.017876870064466355,0.054982858333681106
2476,0.0020408163265306124,7.948395925630538,1.6878072382931386,1.087477523478573,0.017874752235220837,0.05681860819714908
2477,0.004081632653061225,7.991441192283132,1.6852733406659428,1.0807612454443862,0.017875234460398938,0.05663598321594414
2478,0.044897959183673466,7.864638742720771,1.6871282492891275,1.8568021690130831,0.017870756778918133,0.055879914954232245
2479,0.012244897959183673,7.82707720264356,1.6901544292295818,3.810082087806699,0.01784735617530699,0.058338828339268914
2480,0.0020408163265306124,8.224040279601626,1.6748565239397588,-2.4002691659466087,0.017900586973215324,0.06127318268534014
2481,0.036734693877551024,8.195669058512017,1.6870766779330943,0.16759812074951846,0.017846182201089657,0.05571564639569502
2482,0.024489795918367346,8.166390176754934,1.687603640026216,1.3182317044767307,0.017877440268389035,0.05532681087589503
2483,0.014285714285714285,8.234760790112182,1.6782124961317615,1.4806264536012184,0.017882120214497404,0.05742081188542876
2484,0.0020408163265306124,8.330703756546061,1.6887841104809982,1.5521598455168963,0.017888952079940453,0.05748468768833468
2485,0.0,8.340847905027038,1.7024247863405153,1.7097767807046307,0.01789211847384763,0.05792108605986059
2486,0.0,8.354557827306204,1.7016955172872066,1.856625551473833,0.017894466328923275,0.05772116824174409
2487,0.0,8.381769383208686,1.6949938932859223,2.1128752247800464,0.01789831362469164,0.05889265654469796
2488,0.0,8.39427422392981,1.696165695439655,2.428799153228401,0.017901602295649893,0.05860156083316681
2489,0.0,8.403077109890807,1.6962526537215856,3.3969668395020975,0.01790419270197432,0.05938650136245234
2490,0.0,8.04726257293892,1.684752633883936,4.881446736187035,0.017952240365105853,0.06140518888219824
2491,0.0,7.91255993949057,1.684528733526112,0.8441968729920261,0.01792290751360724,0.06239578091032892
2492,0.0,7.739986644192308,1.685228640932315,2.257993605784029,0.01795777178512741,0.05774810250302233
2493,0.04285714285714286,7.941926342228842,1.666816112634686,2.280717432207041,0.017964801804984103,0.05979018914161747
2494,0.05102040816326531,7.626454728651998,1.6673212759618592,2.0115146339884395,0.01794259887370544,0.06007493725339123
2495,0.01020408163265306,7.6844104933461095,1.671379626400125,2.2042074260568483,0.017943566707469098,0.05915127065747672
2496,0.0020408163265306124,7.505538170658355,1.6375892087941755,2.003579767499266,0.01790080456964269,0.05977306924486516
2497,0.0673469387755102,7.901277012416773,1.64057075591272,2.1519850269990597,0.017932502740645593,0.05881541311297045
2498,0.012244897959183673,7.297044502712362,1.6426188487890359,3.9375347824527758,0.01789567368890646,0.05880546198231895
2499,0.02857142857142857,7.297122996041198,1.6413602657287698,1.3540558343717914,0.017964895267264976,0.06026920314344887
